title,score,sentiment_polarity,sentiment_subjectivity,url,created_utc
Demand for U S goods,1,0.0,0.0,https://www.reddit.com/r/stocks/comments/1ju90gk/demand_for_u_s_goods/,1744102589.0
Elon Musk appealed to Trump to reverse sweeping trade tariffs,5,0.0,0.0,https://www.reddit.com/r/stocks/comments/1ju8gln/elon_musk_appealed_to_trump_to_reverse_sweeping/,1744100013.0
Leveraged Bets Dominate Trading in Tariff Rout Like Never Before,1,0.0,0.0,https://www.reddit.com/r/stocks/comments/1jtz5h4/leveraged_bets_dominate_trading_in_tariff_rout/,1744067493.0
Apple’s 3-day loss in market cap swells to almost $640 billion,235,0.0,0.0,https://www.reddit.com/r/stocks/comments/1jty3gi/apples_3day_loss_in_market_cap_swells_to_almost/,1744064581.0
"Tesla bull slashes stock price target 43%, citing Musk and Trump",339,0.0,0.0,https://www.reddit.com/r/stocks/comments/1jt1wlc/tesla_bull_slashes_stock_price_target_43_citing/,1743966722.0
Just started investing at 22 – stressed about Monday,0,0.0,0.0,https://www.reddit.com/r/stocks/comments/1jskw1e/just_started_investing_at_22_stressed_about_monday/,1743909626.0
"Another wealth transfer since 2008 crash, S&P 500 loses another $5 trillion in just two days.",1314,-0.3,0.1,https://www.reddit.com/r/stocks/comments/1js0x5d/another_wealth_transfer_since_2008_crash_sp_500/,1743850842.0
Companies with a large footprint in the US should benefit from the tariffs?,0,0.21428571428571427,0.42857142857142855,https://www.reddit.com/r/stocks/comments/1jrtaam/companies_with_a_large_footprint_in_the_us_should/,1743820116.0
Is Black Monday Incoming?,1983,-0.16666666666666666,0.43333333333333335,https://www.reddit.com/r/stocks/comments/1jrt7er/is_black_monday_incoming/,1743819844.0
Rocket Lab vs SpaceX: The Anti‑Musk Space Investment Campaign,14,0.0,0.0,https://www.reddit.com/r/stocks/comments/1jrqwdb/rocket_lab_vs_spacex_the_antimusk_space/,1743812485.0
Technology stocks,1,0.0,0.0,https://www.reddit.com/r/stocks/comments/1jrpy8l/technology_stocks/,1743809655.0
Market downturn trigger?,0,0.0,0.0,https://www.reddit.com/r/stocks/comments/1jroid1/market_downturn_trigger/,1743805560.0
What happens on Monday,189,0.0,0.0,https://www.reddit.com/r/stocks/comments/1jrj3gr/what_happens_on_monday/,1743791601.0
What Musk Leaving DOGE Would Mean for Tesla Stock,0,-0.3125,0.6875,https://www.reddit.com/r/stocks/comments/1jrb0tf/what_musk_leaving_doge_would_mean_for_tesla_stock/,1743770818.0
Top Ten Nasdaq Point Drops in Chronological Order and Trading Days to Recover,40,0.16666666666666666,0.16666666666666666,https://www.reddit.com/r/stocks/comments/1jr2mj4/top_ten_nasdaq_point_drops_in_chronological_order/,1743738143.0
"Apple sheds $300 billion in tariff-fueled sell-off, on track for worst drop since March 2020",213,-1.0,1.0,https://www.reddit.com/r/stocks/comments/1jqpre5/apple_sheds_300_billion_in_tarifffueled_selloff/,1743704032.0
ADVICE: Any stocks worth investing it right now?,15,0.2928571428571428,0.31785714285714284,https://www.reddit.com/r/stocks/comments/1jqmuwh/advice_any_stocks_worth_investing_it_right_now/,1743697421.0
RDDT plunges… why?,0,0.0,0.0,https://www.reddit.com/r/stocks/comments/1jqjhyd/rddt_plunges_why/,1743689524.0
Why a China–Korea–Japan Free Trade Deal Would Be a Huge Win for BYD,53,0.5333333333333333,0.7000000000000001,https://www.reddit.com/r/stocks/comments/1jqgunf/why_a_chinakoreajapan_free_trade_deal_would_be_a/,1743682528.0
Elon Needs to Resign as Tesla CEO Before It’s Too Late,0,-0.3,0.6,https://www.reddit.com/r/stocks/comments/1jq3e8b/elon_needs_to_resign_as_tesla_ceo_before_its_too/,1743637058.0
Rivian posts sharp fall in quarterly deliveries as soft demand weighs,100,-0.012499999999999997,0.55,https://www.reddit.com/r/stocks/comments/1jps3gk/rivian_posts_sharp_fall_in_quarterly_deliveries/,1743609392.0
Interesting Stocks Today (04/2),7,0.5,0.5,https://www.reddit.com/r/stocks/comments/1jpoamx/interesting_stocks_today_042/,1743599756.0
"Tesla reports 336,000 vehicle deliveries in first quarter",923,0.25,0.3333333333333333,https://www.reddit.com/r/stocks/comments/1jpo69r/tesla_reports_336000_vehicle_deliveries_in_first/,1743599400.0
The Folksam Group (Sweden) is selling its entire shareholding in Tesla,1059,0.0,0.625,https://www.reddit.com/r/stocks/comments/1jpks8j/the_folksam_group_sweden_is_selling_its_entire/,1743587489.0
"Tesla Hidey Hole (Richmond, VA)- Don't believe the numbers tomorrow but the ERDF is real.",225,0.2,0.30000000000000004,https://www.reddit.com/r/stocks/comments/1jpicww/tesla_hidey_hole_richmond_va_dont_believe_the/,1743576435.0
"Tesla car sales in France, Sweden drop to lowest first-quarter in four years",731,0.0,0.0,https://www.reddit.com/r/stocks/comments/1joq631/tesla_car_sales_in_france_sweden_drop_to_lowest/,1743493902.0
Stocks close out their worst quarter since 2022 amid tariff uncertainty,143,-1.0,1.0,https://www.reddit.com/r/stocks/comments/1joht47/stocks_close_out_their_worst_quarter_since_2022/,1743464717.0
Elon Musk says backlash against his DOGE government cuts is hurting Tesla stock,3222,0.0,0.0,https://www.reddit.com/r/stocks/comments/1jo91nk/elon_musk_says_backlash_against_his_doge/,1743442672.0
Tesla shares drop as Stifel slashes PT and delivery forecasts,568,0.0,0.0,https://www.reddit.com/r/stocks/comments/1jo4ptx/tesla_shares_drop_as_stifel_slashes_pt_and/,1743431871.0
Interesting Stocks Today (03/31),3,0.5,0.5,https://www.reddit.com/r/stocks/comments/1jo2ogp/interesting_stocks_today_0331/,1743426201.0
Why is Tesla Worth Anything?,481,0.3,0.1,https://www.reddit.com/r/stocks/comments/1jnvqnv/why_is_tesla_worth_anything/,1743397603.0
Challenging the Noise: A Closer Look at Tesla's Q1 Projections,35,0.5,1.0,https://www.reddit.com/r/stocks/comments/1jngg3e/challenging_the_noise_a_closer_look_at_teslas_q1/,1743352654.0
TSLA - Premliminary Tesla registration numbers from March 2025 in Europe.,134,0.0,0.0,https://www.reddit.com/r/stocks/comments/1jlvzdl/tsla_premliminary_tesla_registration_numbers_from/,1743171062.0
Better news alternative than Schwab?,37,0.5,0.5,https://www.reddit.com/r/stocks/comments/1jlg8tj/better_news_alternative_than_schwab/,1743115861.0
Elon Musk Is One of the Few Winners From Trump Auto Tariffs,3967,-0.2,0.1,https://www.reddit.com/r/stocks/comments/1jkxq24/elon_musk_is_one_of_the_few_winners_from_trump/,1743057254.0
"Tesla shares drop on plunging European sales, concerns about Trump's tariffs",1527,0.0,0.0,https://www.reddit.com/r/stocks/comments/1jko4ew/tesla_shares_drop_on_plunging_european_sales/,1743026772.0
Stop pretending you know the market,915,0.0,0.0,https://www.reddit.com/r/stocks/comments/1jkg3ak/stop_pretending_you_know_the_market/,1743006939.0
Interesting Stocks Watchlist (03/26) - GME follows MicroStrategy's Strategy,15,0.5,0.5,https://www.reddit.com/r/stocks/comments/1jkbnag/interesting_stocks_watchlist_0326_gme_follows/,1742995332.0
If Tesla share price is objectively absurd then why is short interest at only 2% -3%?,404,-0.16666666666666666,0.7666666666666666,https://www.reddit.com/r/stocks/comments/1jk72ln/if_tesla_share_price_is_objectively_absurd_then/,1742978072.0
"Google is the most innovative, technologically advanced out of all the Mag 7 companies",428,0.4666666666666666,0.7000000000000001,https://www.reddit.com/r/stocks/comments/1jk5bl5/google_is_the_most_innovative_technologically/,1742969961.0
Stocks Close Higher for 3rd Straight Day; Tesla Surges in Late Trading to Extend Rally,43,0.037500000000000006,0.375,https://www.reddit.com/r/stocks/comments/1jjvzui/stocks_close_higher_for_3rd_straight_day_tesla/,1742940850.0
"Canada Freezes $43 Million in Tesla EV Rebates, Bans Future Eligibility Over Tariff Dispute",1353,0.0,0.125,https://www.reddit.com/r/stocks/comments/1jjurav/canada_freezes_43_million_in_tesla_ev_rebates/,1742937762.0
Chinese EV giant BYD outpaces Tesla with annual sales of more than $100 billion,552,0.16666666666666666,0.5,https://www.reddit.com/r/stocks/comments/1jjrhhe/chinese_ev_giant_byd_outpaces_tesla_with_annual/,1742929799.0
Financial times tones down its claims about a $1.4 billion misstatement in Tesla's cash flow,469,-0.07777777777777779,0.14444444444444446,https://www.reddit.com/r/stocks/comments/1jjowow/financial_times_tones_down_its_claims_about_a_14/,1742923555.0
Tesla just got even more bad news from Europe,4683,-0.09999999999999992,0.5833333333333333,https://www.reddit.com/r/stocks/comments/1jjn4aa/tesla_just_got_even_more_bad_news_from_europe/,1742919169.0
"Tesla to hit $2,600 in the next 5 years, Cathie Wood tells Bloomberg",0,0.0,0.0,https://www.reddit.com/r/stocks/comments/1jjj11s/tesla_to_hit_2600_in_the_next_5_years_cathie_wood/,1742908348.0
"Volkswagen, BMW group electric cars outsell Tesla in Europe in February",803,0.0,0.0,https://www.reddit.com/r/stocks/comments/1jiqjct/volkswagen_bmw_group_electric_cars_outsell_tesla/,1742822545.0
These are the stocks on my watchlist (03/24) - Minor Market Bounce due to (some) held back tariffs,40,-0.05833333333333333,0.19166666666666665,https://www.reddit.com/r/stocks/comments/1jiqe9p/these_are_the_stocks_on_my_watchlist_0324_minor/,1742822143.0
TSLA: Tesla to roll out full self-driving in China after software approval,0,0.35,0.55,https://www.reddit.com/r/stocks/comments/1jinzxp/tsla_tesla_to_roll_out_full_selfdriving_in_china/,1742814163.0
"Companies in the EU are starting to look for ways to ditch Amazon, Google, and Microsoft cloud services.",10140,0.0,0.1,https://www.reddit.com/r/stocks/comments/1jilfwg/companies_in_the_eu_are_starting_to_look_for_ways/,1742802557.0
Tesla short thesis and the U.S. market (House of Cards) pending crash Part 2,793,0.0,0.3,https://www.reddit.com/r/stocks/comments/1jijwnb/tesla_short_thesis_and_the_us_market_house_of/,1742795572.0
Hey are you guys able to sell your Tesla stocks?,0,0.5,0.625,https://www.reddit.com/r/stocks/comments/1ji9kqc/hey_are_you_guys_able_to_sell_your_tesla_stocks/,1742763480.0
TSLA is the same as it was 6 months ago. Whats the big deal?,0,0.0,0.1125,https://www.reddit.com/r/stocks/comments/1jhplu2/tsla_is_the_same_as_it_was_6_months_ago_whats_the/,1742698302.0
Tesla short thesis and the U.S. market (House of Cards) pending crash,931,0.0,0.3,https://www.reddit.com/r/stocks/comments/1jheaxd/tesla_short_thesis_and_the_us_market_house_of/,1742665990.0
Tesla’s End-of-Lease Vehicle Accounting: How Falling Resale Values Impact Liabilities (2024-2025),242,0.0,0.0,https://www.reddit.com/r/stocks/comments/1jhe6r8/teslas_endoflease_vehicle_accounting_how_falling/,1742665687.0
"How is everyone preparing Liberation Day, April 2?",596,0.0,0.0,https://www.reddit.com/r/stocks/comments/1jhe27y/how_is_everyone_preparing_liberation_day_april_2/,1742665356.0
At which point does Tesla has to issue a profit warning?,1210,0.0,0.0,https://www.reddit.com/r/stocks/comments/1jh5g8g/at_which_point_does_tesla_has_to_issue_a_profit/,1742639097.0
Is the TSLA Put trade the most crowded trade of 2025?,296,0.5,0.5,https://www.reddit.com/r/stocks/comments/1jh4nd5/is_the_tsla_put_trade_the_most_crowded_trade_of/,1742635552.0
Rivian and Lucid,27,0.0,0.0,https://www.reddit.com/r/stocks/comments/1jh2gdq/rivian_and_lucid/,1742625603.0
Will Tesla have a drop in yoy sales in their Q1 earnings?,32,0.0,0.0,https://www.reddit.com/r/stocks/comments/1jgnnba/will_tesla_have_a_drop_in_yoy_sales_in_their_q1/,1742581258.0
Top Tesla Investor Demands Musk's Exit Amid Stock Plunge,3819,0.5,0.5,https://www.reddit.com/r/stocks/comments/1jgl0wc/top_tesla_investor_demands_musks_exit_amid_stock/,1742574761.0
Meet the Former Tesla Die-Hards Now Selling Their Shares,272,0.0,0.0,https://www.reddit.com/r/stocks/comments/1jgjrpp/meet_the_former_tesla_diehards_now_selling_their/,1742571625.0
Tesla’s Retail Fans Buy the Stock at a Pace Never Seen Before,961,0.0,0.0,https://www.reddit.com/r/stocks/comments/1jgj4af/teslas_retail_fans_buy_the_stock_at_a_pace_never/,1742569948.0
Short sellers have made $15 billion betting against Tesla and Nvidia in 2025,565,0.0,0.3,https://www.reddit.com/r/stocks/comments/1jg4qgf/short_sellers_have_made_15_billion_betting/,1742518455.0
Exclusive-Tesla trade-ins on pace for record high amid Musk backlash,772,0.16,0.5399999999999999,https://www.reddit.com/r/stocks/comments/1jg4o6x/exclusivetesla_tradeins_on_pace_for_record_high/,1742518265.0
$UBER: Self Driving King Maker,0,0.0,0.0,https://www.reddit.com/r/stocks/comments/1jfx9en/uber_self_driving_king_maker/,1742498857.0
Regulators recall nearly all Cybertrucks due to panel consistently falling off,2693,0.075,0.3416666666666666,https://www.reddit.com/r/stocks/comments/1jfx762/regulators_recall_nearly_all_cybertrucks_due_to/,1742498704.0
Commerce secretary begs Fox News viewers to buy Tesla stock in bizarre interview,6420,0.4,0.6,https://www.reddit.com/r/stocks/comments/1jfvmd0/commerce_secretary_begs_fox_news_viewers_to_buy/,1742494797.0
Tesla Fair Value,0,0.7,0.9,https://www.reddit.com/r/stocks/comments/1jfrju1/tesla_fair_value/,1742484597.0
"Wedbush analyst Dan Ives sharpened his criticism of how Elon Musk is running Tesla Inc., saying the electric-vehicle giant’s chief executive",217,0.0,1.0,https://www.reddit.com/r/stocks/comments/1jfqwwx/wedbush_analyst_dan_ives_sharpened_his_criticism/,1742482901.0
These are the stocks on my watchlist (03/20) - TSLA is (very likely) NOT a fraud company,0,0.0,1.0,https://www.reddit.com/r/stocks/comments/1jfom20/these_are_the_stocks_on_my_watchlist_0320_tsla_is/,1742476430.0
Tesla (TSLA) accounting raises red flags as report shows $1.4 billion missing,14664,-0.1,0.025,https://www.reddit.com/r/stocks/comments/1jfn3wn/tesla_tsla_accounting_raises_red_flags_as_report/,1742471598.0
A Deeper Dive on Trump's Tariffs and Market Positioning,0,0.0,0.0,https://www.reddit.com/r/stocks/comments/1jfidz3/a_deeper_dive_on_trumps_tariffs_and_market/,1742450932.0
"Cantor Fitzgerald Upgrades Tesla to Overweight From Neutral, Price Target is $425",2172,0.0,0.0,https://www.reddit.com/r/stocks/comments/1jfd2qo/cantor_fitzgerald_upgrades_tesla_to_overweight/,1742432626.0
Will tesla ever recover?,0,0.0,0.0,https://www.reddit.com/r/stocks/comments/1jfavnz/will_tesla_ever_recover/,1742426349.0
How Objective Are Tesla Analysts? Rating Upgrade Today.,190,0.0,0.1,https://www.reddit.com/r/stocks/comments/1jf7qj6/how_objective_are_tesla_analysts_rating_upgrade/,1742418155.0
The Fate of the S&P's 10 Most Popular Stocks,0,0.55,0.7,https://www.reddit.com/r/stocks/comments/1jf5wx4/the_fate_of_the_sps_10_most_popular_stocks/,1742413659.0
Where Will Tesla Be in 2030?Stock Market Analysis,0,0.0,0.0,https://www.reddit.com/r/stocks/comments/1jf301z/where_will_tesla_be_in_2030stock_market_analysis/,1742406501.0
Is Rivian a good buy now?,0,0.7,0.6000000000000001,https://www.reddit.com/r/stocks/comments/1jf0ym9/is_rivian_a_good_buy_now/,1742401434.0
Tesla without Musk,0,0.0,0.0,https://www.reddit.com/r/stocks/comments/1jf0dif/tesla_without_musk/,1742399973.0
These are the stocks on my watchlist (03/19) - INTC/TSM Rumors Debunked!,35,0.0,0.0,https://www.reddit.com/r/stocks/comments/1jewnms/these_are_the_stocks_on_my_watchlist_0319_intctsm/,1742389988.0
Tesla gets first in a series of permits it needs to run robotaxis in California,0,0.25,0.3333333333333333,https://www.reddit.com/r/stocks/comments/1jetgkm/tesla_gets_first_in_a_series_of_permits_it_needs/,1742378416.0
Why Tesla deserves a look and probably a Buy at these Levels,0,0.0,0.0,https://www.reddit.com/r/stocks/comments/1jek6fx/why_tesla_deserves_a_look_and_probably_a_buy_at/,1742343167.0
NVDA: Groot N1 our foundation model for humanoid robots will be open source,52,0.0,0.5,https://www.reddit.com/r/stocks/comments/1jedfpt/nvda_groot_n1_our_foundation_model_for_humanoid/,1742325860.0
"Tesla board members, executive sell off over $100 million of stock in recent weeks",1755,0.0,0.25,https://www.reddit.com/r/stocks/comments/1jeb0sq/tesla_board_members_executive_sell_off_over_100/,1742320050.0
Short sellers make $16bn profit from Tesla’s share price plunge,4378,0.0,0.3,https://www.reddit.com/r/stocks/comments/1je61z1/short_sellers_make_16bn_profit_from_teslas_share/,1742307580.0
These are the stocks on my watchlist (03/18) - TSLA Troubles,2,0.0,0.0,https://www.reddit.com/r/stocks/comments/1je4mi4/these_are_the_stocks_on_my_watchlist_0318_tsla/,1742303578.0
Best EV automaker stock to invest in as an alternative to $TSLA?,0,1.0,0.3,https://www.reddit.com/r/stocks/comments/1jdlhmv/best_ev_automaker_stock_to_invest_in_as_an/,1742239929.0
Is polestar going to pick up Tesla customers,135,0.0,0.0,https://www.reddit.com/r/stocks/comments/1jddajm/is_polestar_going_to_pick_up_tesla_customers/,1742219975.0
Tesla stock declines could cost Elon Musk something important,1936,0.4,1.0,https://www.reddit.com/r/stocks/comments/1jc36c5/tesla_stock_declines_could_cost_elon_musk/,1742067324.0
Tesla done in Germany.  94% say they won’t buy a Tesla car.,13536,0.0,0.0,https://www.reddit.com/r/stocks/comments/1jbijyg/tesla_done_in_germany_94_say_they_wont_buy_a/,1741997824.0
S&P 500 Stages Rebound After $5 Trillion Plunge: Markets Wrap,168,0.0,0.0,https://www.reddit.com/r/stocks/comments/1jbcflu/sp_500_stages_rebound_after_5_trillion_plunge/,1741981423.0
Tesla warns of retaliatory tariffs. BofA thinks Trump will flip on trade policy,862,0.0,0.0,https://www.reddit.com/r/stocks/comments/1jbbfux/tesla_warns_of_retaliatory_tariffs_bofa_thinks/,1741978934.0
"Elon Musk is winning Republican fans. Can Tesla win them over, too?",0,0.65,0.575,https://www.reddit.com/r/stocks/comments/1jb7ack/elon_musk_is_winning_republican_fans_can_tesla/,1741967942.0
"Multiple TSLAs set on fire in Germany, and driven into rivers in Canada. Will this increase insurance premiums of TSLAs, and impact sales?",3850,0.0,0.0,https://www.reddit.com/r/stocks/comments/1jb5vp9/multiple_tslas_set_on_fire_in_germany_and_driven/,1741964345.0
Tesla (TSLA) Stock: Trump’s Purchase Fails to Sustain Rally,4267,-0.5,0.3,https://www.reddit.com/r/stocks/comments/1jaciwt/tesla_tsla_stock_trumps_purchase_fails_to_sustain/,1741874153.0
What are you guys buying?,127,0.0,0.0,https://www.reddit.com/r/stocks/comments/1ja80i2/what_are_you_guys_buying/,1741858016.0
Is Teslas best chance of survival the removal of Elon Musk?,514,1.0,0.3,https://www.reddit.com/r/stocks/comments/1ja07k6/is_teslas_best_chance_of_survival_the_removal_of/,1741828088.0
Why do people buy high P/E companies over low ones?,0,0.08,0.41999999999999993,https://www.reddit.com/r/stocks/comments/1j9vzu8/why_do_people_buy_high_pe_companies_over_low_ones/,1741816620.0
"TSLA investors, beware",7227,0.0,0.0,https://www.reddit.com/r/stocks/comments/1j9qzgg/tsla_investors_beware/,1741803951.0
